sep=,
CUIT,N° Ader,Razon Social,N° Certificado,Norma,Fecha Retencion,Tipo Comprobante,N° Comprobante,Fecha Comprobante,Monto Retenido,Base Calculo
"30500053522","2766","OBRA SOCIAL DE LA ACTIVIDAD DE SEGUROS, REASEGUROS, CAPITALIZACION Y AHORRO Y PRESTAMO PARA LA VIVIENDA","0000002020056464","3","27/01/2020","F","A0   700000044","18/12/2019","9.09","909.10",
"30500053522","2766","OBRA SOCIAL DE LA ACTIVIDAD DE SEGUROS, REASEGUROS, CAPITALIZACION Y AHORRO Y PRESTAMO PARA LA VIVIENDA","0000002020056464","3","27/01/2020","F","A0   700000043","18/12/2019","9.09","909.10",
"30500053522","2766","OBRA SOCIAL DE LA ACTIVIDAD DE SEGUROS, REASEGUROS, CAPITALIZACION Y AHORRO Y PRESTAMO PARA LA VIVIENDA","0000002020056464","3","27/01/2020","F","A0   700000041","18/12/2019","13.00","1300.00",
"30500053522","2766","OBRA SOCIAL DE LA ACTIVIDAD DE SEGUROS, REASEGUROS, CAPITALIZACION Y AHORRO Y PRESTAMO PARA LA VIVIENDA","0000002020056464","3","27/01/2020","F","A0   700000039","18/12/2019","12.73","1272.72",
"30522428163","1756","GALENO ARGENTINA SA","0000000000347918","3","06/01/2020","O","3363867","06/01/2020","3096.71","309671.00",
"30522428163","1756","GALENO ARGENTINA SA","0000000000347917","3","06/01/2020","O","3363865","06/01/2020","9938.00","993800.00",
"30522428163","1756","GALENO ARGENTINA SA","0000000000348161","3","09/01/2020","O","3365554","09/01/2020","10293.34","1029334.07",
"30522428163","1756","GALENO ARGENTINA SA","0000000000348883","3","16/01/2020","O","3373559","16/01/2020","3370.98","337097.51",
"30522428163","1756","GALENO ARGENTINA SA","0000000000349031","3","21/01/2020","O","3374572","21/01/2020","1048.14","104813.71",
"30522428163","1756","GALENO ARGENTINA SA","0000000000349030","3","21/01/2020","O","3374571","21/01/2020","1444.63","144462.81",
"30522428163","1756","GALENO ARGENTINA SA","0000000000349163","3","23/01/2020","O","3375669","23/01/2020","2821.17","282116.53",
"30522428163","1756","GALENO ARGENTINA SA","0000000000349249","3","27/01/2020","O","3376478","27/01/2020","10005.19","1000519.00",
"30522428163","1756","GALENO ARGENTINA SA","0000000000349490","3","31/01/2020","O","3380601","31/01/2020","30181.78","3018177.70",
"30546771314","2491","MEDICUS SA  DE ASISTENCIA MEDICA Y CIENTIFICA","0000000-00152100","29","03/01/2020","O","2020152100","03/01/2020","2053.55","51338.84",
"30571421352","1313","BANCO CREDICOOP COOPERATIVO LTDO","0000000001307461","4","31/01/2020","L","2601307461","31/01/2020","144.95","5797.94",
"30571421352","1313","BANCO CREDICOOP COOPERATIVO LTDO","0000000001307404","4","31/01/2020","L","2601307404","31/01/2020","18.02","720.85",
"30571421352","1313","BANCO CREDICOOP COOPERATIVO LTDO","0000000001305402","4","31/01/2020","L","2601305402","31/01/2020","218.16","8726.51",
"30571421352","1313","BANCO CREDICOOP COOPERATIVO LTDO","0000000001305356","4","31/01/2020","L","2601305356","31/01/2020","19.01","760.48",
"30571421352","1313","BANCO CREDICOOP COOPERATIVO LTDO","0000000000297224","4","31/01/2020","L","297224","31/01/2020","30.01","1200.23",
"30571421352","1313","BANCO CREDICOOP COOPERATIVO LTDO","0000000001302173","4","02/01/2020","L","2601302173","02/01/2020","15.35","613.80",
"30571421352","1313","BANCO CREDICOOP COOPERATIVO LTDO","0000000001302004","4","02/01/2020","L","2601302004","02/01/2020","53.21","2128.50",
"30571421352","1313","BANCO CREDICOOP COOPERATIVO LTDO","0000000001301873","4","02/01/2020","L","2601301873","02/01/2020","39.60","1584.00",
"30571421352","1313","BANCO CREDICOOP COOPERATIVO LTDO","0000000001301818","4","02/01/2020","L","2601301818","02/01/2020","14.99","599.79",
"30571421352","1313","BANCO CREDICOOP COOPERATIVO LTDO","0000000001301746","4","02/01/2020","L","2601301746","02/01/2020","27.23","1089.00",
"30571421352","1313","BANCO CREDICOOP COOPERATIVO LTDO","0000000001299812","4","02/01/2020","L","2601299812","02/01/2020","87.30","3491.90",
"30571421352","1313","BANCO CREDICOOP COOPERATIVO LTDO","0000000001299530","4","02/01/2020","L","2601299530","02/01/2020","170.96","6838.59",
"30571421352","1313","BANCO CREDICOOP COOPERATIVO LTDO","0000000001297165","4","02/01/2020","L","2601297165","02/01/2020","13.76","550.50",
"30571421352","1313","BANCO CREDICOOP COOPERATIVO LTDO","0000000001302377","4","03/01/2020","L","2601302377","03/01/2020","24.75","990.00",
"30571421352","1313","BANCO CREDICOOP COOPERATIVO LTDO","0000000001300093","4","03/01/2020","L","2601300093","03/01/2020","65.25","2610.14",
"30571421352","1313","BANCO CREDICOOP COOPERATIVO LTDO","0000000000386287","4","03/01/2020","L","386287","03/01/2020","43.10","1723.94",
"30571421352","1313","BANCO CREDICOOP COOPERATIVO LTDO","0000000001302618","4","06/01/2020","L","2601302618","06/01/2020","225.80","9032.17",
"30571421352","1313","BANCO CREDICOOP COOPERATIVO LTDO","0000000001302557","4","06/01/2020","L","2601302557","06/01/2020","21.95","877.96",
"30571421352","1313","BANCO CREDICOOP COOPERATIVO LTDO","0000000001302486","4","06/01/2020","L","2601302486","06/01/2020","62.86","2514.41",
"30571421352","1313","BANCO CREDICOOP COOPERATIVO LTDO","0000000001300385","4","06/01/2020","L","2601300385","06/01/2020","255.98","10239.02",
"30571421352","1313","BANCO CREDICOOP COOPERATIVO LTDO","0000000001302884","4","07/01/2020","L","2601302884","07/01/2020","130.40","5216.18",
"30571421352","1313","BANCO CREDICOOP COOPERATIVO LTDO","0000000001302746","4","07/01/2020","L","2601302746","07/01/2020","22.55","901.81",
"30571421352","1313","BANCO CREDICOOP COOPERATIVO LTDO","0000000001300678","4","07/01/2020","L","2601300678","07/01/2020","11.86","474.57",
"30571421352","1313","BANCO CREDICOOP COOPERATIVO LTDO","0000000001303171","4","08/01/2020","L","2601303171","08/01/2020","288.42","11536.73",
"30571421352","1313","BANCO CREDICOOP COOPERATIVO LTDO","0000000001303103","4","08/01/2020","L","2601303103","08/01/2020","15.02","600.71",
"30571421352","1313","BANCO CREDICOOP COOPERATIVO LTDO","0000000001302997","4","08/01/2020","L","2601302997","08/01/2020","22.79","911.72",
"30571421352","1313","BANCO CREDICOOP COOPERATIVO LTDO","0000000001300944","4","08/01/2020","L","2601300944","08/01/2020","33.22","1328.80",
"30571421352","1313","BANCO CREDICOOP COOPERATIVO LTDO","0000000001303436","4","09/01/2020","L","2601303436","09/01/2020","262.04","10481.66",
"30571421352","1313","BANCO CREDICOOP COOPERATIVO LTDO","0000000001303378","4","09/01/2020","L","2601303378","09/01/2020","60.76","2430.56",
"30571421352","1313","BANCO CREDICOOP COOPERATIVO LTDO","0000000001298880","4","09/01/2020","L","2601298880","09/01/2020","21.12","844.73",
"30571421352","1313","BANCO CREDICOOP COOPERATIVO LTDO","0000000001303694","4","10/01/2020","L","2601303694","10/01/2020","95.65","3825.85",
"30571421352","1313","BANCO CREDICOOP COOPERATIVO LTDO","0000000001303568","4","10/01/2020","L","2601303568","10/01/2020","70.26","2810.23",
"30571421352","1313","BANCO CREDICOOP COOPERATIVO LTDO","0000000001301555","4","10/01/2020","L","2601301555","10/01/2020","101.08","4043.35",
"30571421352","1313","BANCO CREDICOOP COOPERATIVO LTDO","0000000001303953","4","13/01/2020","L","2601303953","13/01/2020","86.53","3461.02",
"30571421352","1313","BANCO CREDICOOP COOPERATIVO LTDO","0000000001303830","4","13/01/2020","L","2601303830","13/01/2020","19.82","792.80",
"30571421352","1313","BANCO CREDICOOP COOPERATIVO LTDO","0000000001301840","4","13/01/2020","L","2601301840","13/01/2020","101.56","4062.33",
"30571421352","1313","BANCO CREDICOOP COOPERATIVO LTDO","0000000001301796","4","13/01/2020","L","2601301796","13/01/2020","35.59","1423.71",
"30571421352","1313","BANCO CREDICOOP COOPERATIVO LTDO","0000000001304183","4","14/01/2020","L","2601304183","14/01/2020","647.76","25910.59",
"30571421352","1313","BANCO CREDICOOP COOPERATIVO LTDO","0000000001304062","4","14/01/2020","L","2601304062","14/01/2020","17.34","693.70",
"30571421352","1313","BANCO CREDICOOP COOPERATIVO LTDO","0000000001302136","4","14/01/2020","L","2601302136","14/01/2020","37.97","1518.63",
"30571421352","1313","BANCO CREDICOOP COOPERATIVO LTDO","0000000001304475","4","15/01/2020","L","2601304475","15/01/2020","139.53","5581.01",
"30571421352","1313","BANCO CREDICOOP COOPERATIVO LTDO","0000000001304412","4","15/01/2020","L","2601304412","15/01/2020","28.42","1136.71",
"30571421352","1313","BANCO CREDICOOP COOPERATIVO LTDO","0000000001304312","4","15/01/2020","L","2601304312","15/01/2020","49.55","1982.00",
"30571421352","1313","BANCO CREDICOOP COOPERATIVO LTDO","0000000001304716","4","16/01/2020","L","2601304716","16/01/2020","55.00","2200.02",
"30571421352","1313","BANCO CREDICOOP COOPERATIVO LTDO","0000000001304948","4","17/01/2020","L","2601304948","17/01/2020","22.30","891.90",
"30571421352","1313","BANCO CREDICOOP COOPERATIVO LTDO","0000000001304836","4","17/01/2020","L","2601304836","17/01/2020","12.39","495.50",
"30571421352","1313","BANCO CREDICOOP COOPERATIVO LTDO","0000000001302846","4","17/01/2020","L","2601302846","17/01/2020","96.01","3840.42",
"30571421352","1313","BANCO CREDICOOP COOPERATIVO LTDO","0000000001305195","4","20/01/2020","L","2601305195","20/01/2020","393.43","15737.28",
"30571421352","1313","BANCO CREDICOOP COOPERATIVO LTDO","0000000001307173","4","30/01/2020","L","2601307173","30/01/2020","69.31","2772.49",
"30571421352","1313","BANCO CREDICOOP COOPERATIVO LTDO","0000000001303133","4","20/01/2020","L","2601303133","20/01/2020","114.07","4562.88",
"30571421352","1313","BANCO CREDICOOP COOPERATIVO LTDO","0000000001303074","4","20/01/2020","L","2601303074","20/01/2020","26.14","1045.66",
"30571421352","1313","BANCO CREDICOOP COOPERATIVO LTDO","0000000000899129","4","20/01/2020","L","899129","20/01/2020","6.83","273.22",
"30571421352","1313","BANCO CREDICOOP COOPERATIVO LTDO","0000000001305429","4","21/01/2020","L","2601305429","21/01/2020","40.88","1635.15",
"30571421352","1313","BANCO CREDICOOP COOPERATIVO LTDO","0000000001303404","4","21/01/2020","L","2601303404","21/01/2020","38.74","1549.48",
"30571421352","1313","BANCO CREDICOOP COOPERATIVO LTDO","0000000001303354","4","21/01/2020","L","2601303354","21/01/2020","30.89","1235.78",
"30571421352","1313","BANCO CREDICOOP COOPERATIVO LTDO","0000000001305731","4","22/01/2020","L","2601305731","22/01/2020","105.51","4220.27",
"30571421352","1313","BANCO CREDICOOP COOPERATIVO LTDO","0000000001303660","4","22/01/2020","L","2601303660","22/01/2020","40.88","1635.03",
"30571421352","1313","BANCO CREDICOOP COOPERATIVO LTDO","0000000001305962","4","23/01/2020","L","2601305962","23/01/2020","119.31","4772.46",
"30571421352","1313","BANCO CREDICOOP COOPERATIVO LTDO","0000000001305859","4","23/01/2020","L","2601305859","23/01/2020","53.27","2130.65",
"30571421352","1313","BANCO CREDICOOP COOPERATIVO LTDO","0000000001303922","4","23/01/2020","L","2601303922","23/01/2020","67.49","2699.70",
"30571421352","1313","BANCO CREDICOOP COOPERATIVO LTDO","0000000001306198","4","24/01/2020","L","2601306198","24/01/2020","149.63","5985.29",
"30571421352","1313","BANCO CREDICOOP COOPERATIVO LTDO","0000000001306076","4","24/01/2020","L","2601306076","24/01/2020","54.26","2170.29",
"30571421352","1313","BANCO CREDICOOP COOPERATIVO LTDO","0000000001304152","4","24/01/2020","L","2601304152","24/01/2020","87.93","3517.22",
"30571421352","1313","BANCO CREDICOOP COOPERATIVO LTDO","0000000001306449","4","27/01/2020","L","2601306449","27/01/2020","28.12","1124.78",
"30571421352","1313","BANCO CREDICOOP COOPERATIVO LTDO","0000000001306402","4","27/01/2020","L","2601306402","27/01/2020","566.83","22673.39",
"30571421352","1313","BANCO CREDICOOP COOPERATIVO LTDO","0000000001304439","4","27/01/2020","L","2601304439","27/01/2020","29.94","1197.76",
"30571421352","1313","BANCO CREDICOOP COOPERATIVO LTDO","0000000000113546","4","27/01/2020","L","113546","27/01/2020","17.08","683.06",
"30571421352","1313","BANCO CREDICOOP COOPERATIVO LTDO","0000000001306689","4","28/01/2020","L","2601306689","28/01/2020","11.89","475.68",
"30571421352","1313","BANCO CREDICOOP COOPERATIVO LTDO","0000000001306601","4","28/01/2020","L","2601306601","28/01/2020","43.65","1746.17",
"30571421352","1313","BANCO CREDICOOP COOPERATIVO LTDO","0000000001304686","4","28/01/2020","L","2601304686","28/01/2020","42.06","1682.56",
"30571421352","1313","BANCO CREDICOOP COOPERATIVO LTDO","0000000000157167","4","28/01/2020","L","157167","28/01/2020","36.59","1463.70",
"30571421352","1313","BANCO CREDICOOP COOPERATIVO LTDO","0000000001306978","4","29/01/2020","L","2601306978","29/01/2020","104.27","4170.97",
"30571421352","1313","BANCO CREDICOOP COOPERATIVO LTDO","0000000001306903","4","29/01/2020","L","2601306903","29/01/2020","35.58","1423.21",
"30571421352","1313","BANCO CREDICOOP COOPERATIVO LTDO","0000000001306807","4","29/01/2020","L","2601306807","29/01/2020","8.67","346.85",
"30571421352","1313","BANCO CREDICOOP COOPERATIVO LTDO","0000000001304921","4","29/01/2020","L","2601304921","29/01/2020","29.71","1188.25",
"30571421352","1313","BANCO CREDICOOP COOPERATIVO LTDO","0000000000199293","4","29/01/2020","L","199293","29/01/2020","9.89","395.64",
"30571421352","1313","BANCO CREDICOOP COOPERATIVO LTDO","0000000001307233","4","30/01/2020","L","2601307233","30/01/2020","66.80","2672.18",
"30571421352","1313","BANCO CREDICOOP COOPERATIVO LTDO","0000000001307102","4","30/01/2020","L","2601307102","30/01/2020","12.39","495.50",
"30574816870","1293","AMERICAN EXPRESS ARGENTINA SA","2060466320200120","4","27/01/2020","L","60466320200129","27/01/2020","180.21","7208.40",
"30577797281","1940","STAFF MEDICO SA","0001202000033969","3","16/01/2020","O","1202000033969","16/01/2020","17.80","1779.99",
"30577797281","1940","STAFF MEDICO SA","0001202000033982","3","21/01/2020","O","1202000033982","21/01/2020","17.80","1779.96",
"30645337979","12753","ALEXANDER FLEMING S.A.","0000000000014218","29","14/01/2020","O","201200063432","14/01/2020","115.70","3305.78",
"30645337979","12753","ALEXANDER FLEMING S.A.","0000000000014505","29","31/01/2020","O","201200063904","31/01/2020","115.70","3305.78",
